id;name;mother_maiden_name;current_location;marriage_date;family_photo;family_photo_content_type
1;furthermore and;hive;instead um;2024-04-10T03:23:33;../fake-data/blob/hipster.png;image/png
2;complex;harmless;inasmuch hm;2024-04-10T14:23:52;../fake-data/blob/hipster.png;image/png
3;likewise harangue plover;round physics pesky;mailman bah fat;2024-04-10T09:24:37;../fake-data/blob/hipster.png;image/png
4;likewise phooey aid;contrail kindheartedly;naturalize conclude;2024-04-10T05:05:52;../fake-data/blob/hipster.png;image/png
5;fiction off;and;stained officially unaccountably;2024-04-10T17:06:36;../fake-data/blob/hipster.png;image/png
6;not spotlight horde;outfox;per junior;2024-04-10T12:39:05;../fake-data/blob/hipster.png;image/png
7;boohoo;ew along;spike aha or;2024-04-10T14:01:58;../fake-data/blob/hipster.png;image/png
8;beside;supposing;cent;2024-04-10T15:24:48;../fake-data/blob/hipster.png;image/png
9;controvert candid;pace;powerfully attractive;2024-04-10T10:11:32;../fake-data/blob/hipster.png;image/png
10;overshoot boo;given mostly down;briefly even;2024-04-10T11:41:54;../fake-data/blob/hipster.png;image/png
