id;name;gender;about;fathers_name;date_of_birth;phone_number_1;phone_number_2;whats_app_no;email;current_location;photo;photo_content_type
1;against woot;FEMALE;variable;whose but rule;2024-04-10T09:26:41;louse down yowza;enthusiastically;yuck;Eugene65@yahoo.com;correctly;../fake-data/blob/hipster.png;image/png
2;monumental;MALE;worn wind-chime astride;lest;2024-04-10T02:06:41;till seemingly;after noted partially;but;Madalyn.Watsica-Olson96@gmail.com;whereas uncomfortable lock;../fake-data/blob/hipster.png;image/png
3;unexpectedly so before;MALE;aboard than brightly;adored;2024-04-10T05:15:08;vengeful ack;glass;fully;Malvina.Upton@yahoo.com;after blissfully;../fake-data/blob/hipster.png;image/png
4;failing surf;FEMALE;snoopy verbally;straight unto cathedral;2024-04-10T03:12:40;eventually hence;around;drat um atop;Frieda.Quigley56@gmail.com;duh snore incidentally;../fake-data/blob/hipster.png;image/png
5;about coo;MALE;toward coast;decimal wait mustard;2024-04-10T09:44:16;psst;predict inventory or;mountainous misconceive ah;Colleen.Adams66@hotmail.com;rotating;../fake-data/blob/hipster.png;image/png
6;vacantly yum;MALE;psst;debunk unnatural;2024-04-10T14:38:15;inasmuch solidly during;hence good-bye meanwhile;aw till psychoanalyst;Edward.Dickens@gmail.com;gah;../fake-data/blob/hipster.png;image/png
7;unwitting underneath unhappy;FEMALE;gleefully;soliloquize instead;2024-04-10T06:28:36;solemnly snoopy;forenenst clench;pride courteous telnet;Terry_Kshlerin24@gmail.com;seriously;../fake-data/blob/hipster.png;image/png
8;inwardly;MALE;copy;positively integer;2024-04-10T16:36:49;ick who;kissingly mmm;towards flu branch;Haleigh.Hayes45@yahoo.com;macadamia successfully speedily;../fake-data/blob/hipster.png;image/png
9;plume;MALE;abdicate matter;amidst;2024-04-09T19:17:19;pressurisation whoever cushion;revivify cavil;jovially;Tyler81@yahoo.com;elegant strict geez;../fake-data/blob/hipster.png;image/png
10;beastie on;MALE;hunter thoroughly expense;via caress duh;2024-04-10T03:27:39;anthropology per;dear yet;eager into;Deron.Beatty@gmail.com;scanner until crossly;../fake-data/blob/hipster.png;image/png
